barometer1	barometer2	insideTemperature	ambientTemperature	light	gyroscope1	gyroscope2	gyroscope3	accelerometer1	accelerometer2	accelerometer3
null	null	22.75	19.21875	null	null	null	null	null	null	null
22.78	999.17	null	null	null	null	null	null	null	null	null
null	null	null	null	null	null	null	null	0.0654296875	-0.0224609375	-0.973876953125
null	null	null	null	null	null	null	null	null	null	null
null	null	null	null	null	5.9661865234375	-4.39453125	-5.14984130859375	null	null	null
null	null	null	null	0.8	null	null	null	null	null	null
null	null	22.75	19.09375	null	null	null	null	null	null	null
22.78	999.18	null	null	null	null	null	null	null	null	null
null	null	null	null	null	null	null	null	0.125732421875	0.03076171875	-0.9677734375
null	null	null	null	null	null	null	null	null	null	null
null	null	null	null	null	5.9814453125	-5.39398193359375	-6.6070556640625	null	null	null
null	null	null	null	0.96	null	null	null	null	null	null
null	null	22.75	18.875	null	null	null	null	null	null	null
22.79	999.2	null	null	null	null	null	null	null	null	null
null	null	null	null	null	null	null	null	0.09375	0.055419921875	-0.912109375
null	null	null	null	null	null	null	null	null	null	null
null	null	null	null	null	6.3629150390625	-6.37054443359375	-4.76837158203125	null	null	null
null	null	null	null	0.96	null	null	null	null	null	null
null	null	22.75	18.71875	null	null	null	null	null	null	null
22.8	999.18	null	null	null	null	null	null	null	null	null
null	null	null	null	null	null	null	null	0.086669921875	-0.052978515625	-0.969970703125
null	null	null	null	null	null	null	null	null	null	null
null	null	null	null	null	7.2021484375	-5.68389892578125	-6.3629150390625	null	null	null
null	null	null	null	1.12	null	null	null	null	null	null
null	null	22.75	19.0625	null	null	null	null	null	null	null
22.79	999.17	null	null	null	null	null	null	null	null	null
null	null	null	null	null	null	null	null	0.109130859375	0.059814453125	-0.973388671875
null	null	null	null	null	null	null	null	null	null	null
null	null	null	null	null	6.3629150390625	-5.0506591796875	-6.37054443359375	null	null	null
null	null	null	null	1.12	null	null	null	null	null	null
null	null	22.75	18.8125	null	null	null	null	null	null	null
22.8	999.22	null	null	null	null	null	null	null	null	null
null	null	null	null	null	null	null	null	0.103271484375	-0.042724609375	-0.935302734375
null	null	null	null	null	null	null	null	null	null	null
null	null	null	null	null	6.77490234375	-7.24029541015625	-6.43157958984375	null	null	null
null	null	null	null	0.88	null	null	null	null	null	null
null	null	22.75	18.71875	null	null	null	null	null	null	null
22.8	999.17	null	null	null	null	null	null	null	null	null
null	null	null	null	null	null	null	null	0.029541015625	0.0263671875	-0.971923828125
null	null	null	null	null	null	null	null	null	null	null
null	null	null	null	null	7.87353515625	-4.974365234375	-8.39996337890625	null	null	null
null	null	null	null	1.12	null	null	null	null	null	null
null	null	22.75	18.625	null	null	null	null	null	null	null
22.79	999.19	null	null	null	null	null	null	null	null	null
null	null	null	null	null	null	null	null	0.10302734375	0.083984375	-0.958984375
null	null	null	null	null	null	null	null	null	null	null
null	null	null	null	null	0.81634521484375	4.82177734375	3.0517578125	null	null	null
null	null	null	null	1.12	null	null	null	null	null	null
null	null	22.75	18.8125	null	null	null	null	null	null	null
22.8	999.2	null	null	null	null	null	null	null	null	null
null	null	null	null	null	null	null	null	0.115966796875	-0.061279296875	-1.072021484375
null	null	null	null	null	null	null	null	null	null	null
null	null	null	null	null	1.89971923828125	-1.99127197265625	-2.96783447265625	null	null	null
null	null	null	null	0.97	null	null	null	null	null	null
null	null	22.75	18.84375	null	null	null	null	null	null	null
22.8	999.23	null	null	null	null	null	null	null	null	null
null	null	null	null	null	null	null	null	0.165771484375	0.029541015625	-1.06103515625
null	null	null	null	null	null	null	null	null	null	null
null	null	null	null	null	11.45172119140625	-3.63922119140625	-5.83648681640625	null	null	null
null	null	null	null	1.12	null	null	null	null	null	null
null	null	22.75	18.71875	null	null	null	null	null	null	null
22.79	999.17	null	null	null	null	null	null	null	null	null
null	null	null	null	null	null	null	null	0.22412109375	-0.003173828125	-0.94580078125
null	null	null	null	null	null	null	null	null	null	null
null	null	null	null	null	6.4697265625	0.7476806640625	-8.7432861328125	null	null	null
null	null	null	null	1.2	null	null	null	null	null	null
null	null	22.75	18.90625	null	null	null	null	null	null	null
22.81	999.23	null	null	null	null	null	null	null	null	null
null	null	null	null	null	null	null	null	0.179443359375	-0.07666015625	-1.011962890625
null	null	null	null	null	null	null	null	null	null	null
null	null	null	null	null	5.66864013671875	-29.99114990234375	-1.983642578125	null	null	null
null	null	null	null	1.12	null	null	null	null	null	null
null	null	22.75	18.59375	null	null	null	null	null	null	null
22.79	999.22	null	null	null	null	null	null	null	null	null
null	null	null	null	null	null	null	null	0.109619140625	0.00244140625	-0.990966796875
null	null	null	null	null	null	null	null	null	null	null
null	null	null	null	null	2.93731689453125	9.19342041015625	-12.74871826171875	null	null	null
null	null	null	null	1.53	null	null	null	null	null	null
null	null	22.75	18.34375	null	null	null	null	null	null	null
22.79	999.25	null	null	null	null	null	null	null	null	null
null	null	null	null	null	null	null	null	0.06787109375	-0.07861328125	-0.88427734375
null	null	null	null	null	null	null	null	null	null	null
null	null	null	null	null	8.38470458984375	-4.9285888671875	-9.42230224609375	null	null	null
null	null	null	null	1.61	null	null	null	null	null	null
null	null	22.75	18.3125	null	null	null	null	null	null	null
22.81	999.18	null	null	null	null	null	null	null	null	null
null	null	null	null	null	null	null	null	0.115966796875	0.015380859375	-0.84619140625
null	null	null	null	null	null	null	null	null	null	null
null	null	null	null	null	2.90679931640625	-11.89422607421875	-14.27459716796875	null	null	null
null	null	null	null	1.85	null	null	null	null	null	null
null	null	22.75	18.5	null	null	null	null	null	null	null
22.79	999.22	null	null	null	null	null	null	null	null	null
null	null	null	null	null	null	null	null	0.09912109375	0.017333984375	-0.844970703125
null	null	null	null	null	null	null	null	null	null	null
null	null	null	null	null	19.378662109375	-8.44573974609375	2.18963623046875	null	null	null
null	null	null	null	1.53	null	null	null	null	null	null
null	null	22.75	18.5625	null	null	null	null	null	null	null
22.79	999.17	null	null	null	null	null	null	null	null	null
null	null	null	null	null	null	null	null	0.066650390625	-0.050537109375	-1.06640625
null	null	null	null	null	null	null	null	null	null	null
null	null	null	null	null	-0.08392333984375	10.8642578125	-10.16998291015625	null	null	null
null	null	null	null	1.29	null	null	null	null	null	null
null	null	22.75	18.875	null	null	null	null	null	null	null
22.78	999.16	null	null	null	null	null	null	null	null	null
null	null	null	null	null	null	null	null	0.059814453125	0.011474609375	-0.9453125
null	null	null	null	null	null	null	null	null	null	null
null	null	null	null	null	-3.28826904296875	-3.753662109375	-5.59234619140625	null	null	null
null	null	null	null	1.1300000000000001	null	null	null	null	null	null
null	null	22.71875	18.4375	null	null	null	null	null	null	null
22.78	999.19	null	null	null	null	null	null	null	null	null
null	null	null	null	null	null	null	null	0.15869140625	-0.04541015625	-1.0625
null	null	null	null	null	null	null	null	null	null	null
null	null	null	null	null	-4.1351318359375	6.37054443359375	-0.5035400390625	null	null	null
null	null	null	null	1.04	null	null	null	null	null	null
null	null	22.71875	18.78125	null	null	null	null	null	null	null
22.77	999.19	null	null	null	null	null	null	null	null	null
null	null	null	null	null	null	null	null	0.092041015625	-0.020263671875	-1.0458984375
null	null	null	null	null	null	null	null	null	null	null
null	null	null	null	null	6.2713623046875	-0.3814697265625	-4.69970703125	null	null	null
null	null	null	null	0.88	null	null	null	null	null	null
null	null	22.71875	18.8125	null	null	null	null	null	null	null
22.77	999.19	null	null	null	null	null	null	null	null	null
null	null	null	null	null	null	null	null	0.137451171875	0.034912109375	-0.9892578125
null	null	null	null	null	null	null	null	null	null	null
null	null	null	null	null	3.12042236328125	-16.448974609375	-6.32476806640625	null	null	null
null	null	null	null	1.04	null	null	null	null	null	null
null	null	22.71875	18.6875	null	null	null	null	null	null	null
22.77	999.25	null	null	null	null	null	null	null	null	null
null	null	null	null	null	null	null	null	0.0546875	-0.020751953125	-0.94580078125
null	null	null	null	null	null	null	null	null	null	null
null	null	null	null	null	2.28118896484375	3.448486328125	0.6561279296875	null	null	null
null	null	null	null	1.04	null	null	null	null	null	null
null	null	22.71875	18.84375	null	null	null	null	null	null	null
22.77	999.15	null	null	null	null	null	null	null	null	null
null	null	null	null	null	null	null	null	0.075927734375	0.010009765625	-0.891357421875
null	null	null	null	null	null	null	null	null	null	null
null	null	null	null	null	2.9296875	-7.354736328125	-10.93292236328125	null	null	null
null	null	null	null	1.2	null	null	null	null	null	null
null	null	22.6875	18.78125	null	null	null	null	null	null	null
22.75	999.19	null	null	null	null	null	null	null	null	null
null	null	null	null	null	null	null	null	0.103759765625	0	-0.944580078125
null	null	null	null	null	null	null	null	null	null	null
null	null	null	null	null	10.6048583984375	-5.42449951171875	-9.22393798828125	null	null	null
null	null	null	null	0.89	null	null	null	null	null	null
null	null	22.6875	18.6875	null	null	null	null	null	null	null
22.75	999.17	null	null	null	null	null	null	null	null	null
null	null	null	null	null	null	null	null	0.16455078125	0.08544921875	-0.9111328125
null	null	null	null	null	null	null	null	null	null	null
null	null	null	null	null	8.056640625	0	4.03594970703125	null	null	null
null	null	null	null	1.12	null	null	null	null	null	null
null	null	22.6875	18.34375	null	null	null	null	null	null	null
22.75	999.24	null	null	null	null	null	null	null	null	null
null	null	null	null	null	null	null	null	0.041259765625	0.023193359375	-1.03173828125
null	null	null	null	null	null	null	null	null	null	null
null	null	null	null	null	1.52587890625	-12.73345947265625	-8.3160400390625	null	null	null
null	null	null	null	1.04	null	null	null	null	null	null
null	null	22.6875	18.625	null	null	null	null	null	null	null
22.75	999.19	null	null	null	null	null	null	null	null	null
null	null	null	null	null	null	null	null	0.156982421875	-0.008056640625	-0.89501953125
null	null	null	null	null	null	null	null	null	null	null
null	null	null	null	null	11.54327392578125	-6.011962890625	-8.7738037109375	null	null	null
null	null	null	null	0.89	null	null	null	null	null	null
null	null	22.6875	18.78125	null	null	null	null	null	null	null
22.75	999.18	null	null	null	null	null	null	null	null	null
null	null	null	null	null	null	null	null	0.0693359375	0.0341796875	-0.968017578125
null	null	null	null	null	null	null	null	null	null	null
null	null	null	null	null	2.29644775390625	3.1280517578125	1.50299072265625	null	null	null
null	null	null	null	1.04	null	null	null	null	null	null
null	null	22.6875	18.625	null	null	null	null	null	null	null
22.74	999.24	null	null	null	null	null	null	null	null	null
null	null	null	null	null	null	null	null	0.07177734375	-0.03173828125	-0.96240234375
null	null	null	null	null	null	null	null	null	null	null
null	null	null	null	null	9.91058349609375	-3.0517578125	-8.4075927734375	null	null	null
null	null	null	null	1.2	null	null	null	null	null	null
null	null	22.65625	18.59375	null	null	null	null	null	null	null
22.73	999.17	null	null	null	null	null	null	null	null	null
null	null	null	null	null	null	null	null	0.1591796875	0.006591796875	-0.972412109375
null	null	null	null	null	null	null	null	null	null	null
null	null	null	null	null	1.15966796875	-21.17156982421875	-4.180908203125	null	null	null
null	null	null	null	1.04	null	null	null	null	null	null
null	null	22.65625	18.5625	null	null	null	null	null	null	null
22.73	999.18	null	null	null	null	null	null	null	null	null
null	null	null	null	null	null	null	null	0.076416015625	0.035400390625	-0.908935546875
null	null	null	null	null	null	null	null	null	null	null
null	null	null	null	null	7.8887939453125	-9.429931640625	-6.805419921875	null	null	null
null	null	null	null	1.2	null	null	null	null	null	null
null	null	22.65625	19.03125	null	null	null	null	null	null	null
22.73	999.22	null	null	null	null	null	null	null	null	null
null	null	null	null	null	null	null	null	0.017333984375	0.019775390625	-0.91943359375
null	null	null	null	null	null	null	null	null	null	null
null	null	null	null	null	24.7955322265625	5.43975830078125	1.24359130859375	null	null	null
null	null	null	null	1.12	null	null	null	null	null	null
null	null	22.65625	19	null	null	null	null	null	null	null
22.72	999.16	null	null	null	null	null	null	null	null	null
null	null	null	null	null	null	null	null	0.141357421875	0.042724609375	-0.806640625
null	null	null	null	null	null	null	null	null	null	null
null	null	null	null	null	32.9437255859375	-28.38897705078125	22.552490234375	null	null	null
null	null	null	null	1.2	null	null	null	null	null	null
null	null	22.65625	19.0625	null	null	null	null	null	null	null
22.72	999.18	null	null	null	null	null	null	null	null	null
null	null	null	null	null	null	null	null	0.07861328125	0.0751953125	-1.0107421875
null	null	null	null	null	null	null	null	null	null	null
null	null	null	null	null	-1.2664794921875	9.78851318359375	-4.302978515625	null	null	null
null	null	null	null	1.12	null	null	null	null	null	null
null	null	22.65625	18.75	null	null	null	null	null	null	null
22.72	999.2	null	null	null	null	null	null	null	null	null
null	null	null	null	null	null	null	null	0.08154296875	0.022216796875	-1.11767578125
null	null	null	null	null	null	null	null	null	null	null
null	null	null	null	null	0.38909912109375	8.93402099609375	-13.7939453125	null	null	null
null	null	null	null	1.05	null	null	null	null	null	null
null	null	22.65625	19	null	null	null	null	null	null	null
22.71	999.2	null	null	null	null	null	null	null	null	null
null	null	null	null	null	null	null	null	0.042236328125	0.04296875	-1.01806640625
null	null	null	null	null	null	null	null	null	null	null
null	null	null	null	null	1.2359619140625	-3.448486328125	-13.5498046875	null	null	null
null	null	null	null	1.45	null	null	null	null	null	null
null	null	22.625	18.96875	null	null	null	null	null	null	null
22.7	999.15	null	null	null	null	null	null	null	null	null
null	null	null	null	null	null	null	null	0.095458984375	0.087646484375	-0.82470703125
null	null	null	null	null	null	null	null	null	null	null
null	null	null	null	null	-10.39886474609375	6.04248046875	-12.96234130859375	null	null	null
null	null	null	null	1.29	null	null	null	null	null	null
null	null	22.625	19.0625	null	null	null	null	null	null	null
22.7	999.17	null	null	null	null	null	null	null	null	null
null	null	null	null	null	null	null	null	0.15234375	0.02294921875	-1.08203125
null	null	null	null	null	null	null	null	null	null	null
null	null	null	null	null	3.7689208984375	-6.44683837890625	-10.94818115234375	null	null	null
null	null	null	null	1.45	null	null	null	null	null	null
null	null	22.625	18.8125	null	null	null	null	null	null	null
22.7	999.15	null	null	null	null	null	null	null	null	null
null	null	null	null	null	null	null	null	0.14990234375	0.01708984375	-0.889892578125
null	null	null	null	null	null	null	null	null	null	null
null	null	null	null	null	5.69915771484375	-27.099609375	-20.44677734375	null	null	null
null	null	null	null	1.44	null	null	null	null	null	null
null	null	22.625	19.09375	null	null	null	null	null	null	null
22.7	999.19	null	null	null	null	null	null	null	null	null
null	null	null	null	null	null	null	null	0.073974609375	0.0390625	-0.92919921875
null	null	null	null	null	null	null	null	null	null	null
null	null	null	null	null	1.220703125	-6.30950927734375	-17.974853515625	null	null	null
null	null	null	null	1.29	null	null	null	null	null	null
null	null	22.625	18.78125	null	null	null	null	null	null	null
22.68	999.14	null	null	null	null	null	null	null	null	null
null	null	null	null	null	null	null	null	0.138671875	0.0830078125	-1.004150390625
null	null	null	null	null	null	null	null	null	null	null
null	null	null	null	null	6.05010986328125	0.83160400390625	-7.904052734375	null	null	null
null	null	null	null	1.21	null	null	null	null	null	null
null	null	22.625	18.96875	null	null	null	null	null	null	null
22.68	999.23	null	null	null	null	null	null	null	null	null
null	null	null	null	null	null	null	null	0.044677734375	-0.0576171875	-1.122314453125
null	null	null	null	null	null	null	null	null	null	null
null	null	null	null	null	-3.21197509765625	25.5279541015625	-6.64520263671875	null	null	null
null	null	null	null	1.04	null	null	null	null	null	null
null	null	22.625	18.78125	null	null	null	null	null	null	null
22.69	999.12	null	null	null	null	null	null	null	null	null
null	null	null	null	null	null	null	null	0.058349609375	-0.10009765625	-0.828857421875
null	null	null	null	null	null	null	null	null	null	null
null	null	null	null	null	-10.3607177734375	3.85284423828125	-8.758544921875	null	null	null
null	null	null	null	1.36	null	null	null	null	null	null
null	null	22.59375	19.15625	null	null	null	null	null	null	null
22.68	999.24	null	null	null	null	null	null	null	null	null
null	null	null	null	null	null	null	null	-0.01220703125	0.022705078125	-1.0888671875
null	null	null	null	null	null	null	null	null	null	null
null	null	null	null	null	2.70843505859375	13.45062255859375	-4.73785400390625	null	null	null
null	null	null	null	1.1300000000000001	null	null	null	null	null	null
null	null	22.59375	19	null	null	null	null	null	null	null
22.68	999.18	null	null	null	null	null	null	null	null	null
null	null	null	null	null	null	null	null	0.125	0.076904296875	-0.9921875
null	null	null	null	null	null	null	null	null	null	null
null	null	null	null	null	-7.0648193359375	13.4735107421875	-7.59124755859375	null	null	null
null	null	null	null	1.21	null	null	null	null	null	null
null	null	22.59375	18.90625	null	null	null	null	null	null	null
22.67	999.15	null	null	null	null	null	null	null	null	null
null	null	null	null	null	null	null	null	0.149169921875	0.02099609375	-1.06396484375
null	null	null	null	null	null	null	null	null	null	null
null	null	null	null	null	-4.8828125	5.76019287109375	-16.24298095703125	null	null	null
null	null	null	null	1.1300000000000001	null	null	null	null	null	null
null	null	22.59375	19.25	null	null	null	null	null	null	null
22.66	999.16	null	null	null	null	null	null	null	null	null
null	null	null	null	null	null	null	null	0.042236328125	0.072509765625	-0.772216796875
null	null	null	null	null	null	null	null	null	null	null
null	null	null	null	null	3.62396240234375	-13.4429931640625	-11.8560791015625	null	null	null
null	null	null	null	1.21	null	null	null	null	null	null
null	null	22.59375	19.0625	null	null	null	null	null	null	null
22.66	999.18	null	null	null	null	null	null	null	null	null
null	null	null	null	null	null	null	null	-0.00537109375	-0.00634765625	-0.937255859375
null	null	null	null	null	null	null	null	null	null	null
null	null	null	null	null	18.37158203125	1.42669677734375	-5.7373046875	null	null	null
null	null	null	null	1.05	null	null	null	null	null	null
null	null	22.59375	19.15625	null	null	null	null	null	null	null
22.66	999.15	null	null	null	null	null	null	null	null	null
null	null	null	null	null	null	null	null	0.030029296875	0.011962890625	-0.814453125
null	null	null	null	null	null	null	null	null	null	null
null	null	null	null	null	14.617919921875	-21.70562744140625	6.56890869140625	null	null	null
null	null	null	null	1.05	null	null	null	null	null	null
null	null	22.59375	19.03125	null	null	null	null	null	null	null
22.65	999.18	null	null	null	null	null	null	null	null	null
null	null	null	null	null	null	null	null	0.054931640625	0.036376953125	-0.896728515625
null	null	null	null	null	null	null	null	null	null	null
null	null	null	null	null	-1.76239013671875	2.6092529296875	-2.03704833984375	null	null	null
null	null	null	null	0.97	null	null	null	null	null	null
null	null	22.59375	18.90625	null	null	null	null	null	null	null
22.66	999.24	null	null	null	null	null	null	null	null	null
null	null	null	null	null	null	null	null	0.055908203125	-0.05126953125	-1.018310546875
null	null	null	null	null	null	null	null	null	null	null
null	null	null	null	null	3.41796875	5.60760498046875	-6.683349609375	null	null	null
null	null	null	null	1.21	null	null	null	null	null	null
null	null	22.59375	19	null	null	null	null	null	null	null
22.65	999.18	null	null	null	null	null	null	null	null	null
null	null	null	null	null	null	null	null	0.116943359375	-0.076416015625	-0.873291015625
null	null	null	null	null	null	null	null	null	null	null
null	null	null	null	null	-9.01031494140625	-5.18798828125	-8.26263427734375	null	null	null
null	null	null	null	1.2	null	null	null	null	null	null
null	null	22.59375	18.84375	null	null	null	null	null	null	null
22.65	999.12	null	null	null	null	null	null	null	null	null
null	null	null	null	null	null	null	null	0.00439453125	-0.0283203125	-0.974365234375
null	null	null	null	null	null	null	null	null	null	null
null	null	null	null	null	1.0833740234375	12.3291015625	-1.60980224609375	null	null	null
null	null	null	null	31.080000000000002	null	null	null	null	null	null
null	null	22.59375	18.96875	null	null	null	null	null	null	null
22.64	999.24	null	null	null	null	null	null	null	null	null
null	null	null	null	null	null	null	null	0.074462890625	-0.003662109375	-1.013671875
null	null	null	null	null	null	null	null	null	null	null
null	null	null	null	null	10.41412353515625	-2.9296875	-6.08062744140625	null	null	null
null	null	null	null	582.5600000000001	null	null	null	null	null	null
null	null	22.59375	19.09375	null	null	null	null	null	null	null
22.65	999.14	null	null	null	null	null	null	null	null	null
null	null	null	null	null	null	null	null	0.086669921875	-0.040283203125	-0.931640625
null	null	null	null	null	null	null	null	null	null	null
null	null	null	null	null	1.7852783203125	-16.90673828125	-7.78961181640625	null	null	null
null	null	null	null	574.24	null	null	null	null	null	null
null	null	22.59375	19.1875	null	null	null	null	null	null	null
22.65	999.14	null	null	null	null	null	null	null	null	null
null	null	null	null	null	null	null	null	0.115966796875	0.10205078125	-0.962890625
null	null	null	null	null	null	null	null	null	null	null
null	null	null	null	null	7.14111328125	-7.415771484375	-7.0343017578125	null	null	null
null	null	null	null	572.64	null	null	null	null	null	null
null	null	22.59375	18.96875	null	null	null	null	null	null	null
22.65	999.12	null	null	null	null	null	null	null	null	null
null	null	null	null	null	null	null	null	0.044921875	0.0927734375	-0.96728515625
null	null	null	null	null	null	null	null	null	null	null
null	null	null	null	null	5.76019287109375	5.279541015625	2.2735595703125	null	null	null
null	null	null	null	570.4	null	null	null	null	null	null
null	null	22.59375	18.9375	null	null	null	null	null	null	null
22.64	999.22	null	null	null	null	null	null	null	null	null
null	null	null	null	null	null	null	null	0.03125	-0.009521484375	-0.94140625
null	null	null	null	null	null	null	null	null	null	null
null	null	null	null	null	5.85174560546875	-10.47515869140625	-8.20159912109375	null	null	null
null	null	null	null	569.44	null	null	null	null	null	null
null	null	22.59375	19.0625	null	null	null	null	null	null	null
22.65	999.1	null	null	null	null	null	null	null	null	null
null	null	null	null	null	null	null	null	0.139892578125	-0.0078125	-0.9912109375
null	null	null	null	null	null	null	null	null	null	null
null	null	null	null	null	8.6669921875	-4.82177734375	-8.331298828125	null	null	null
null	null	null	null	565.92	null	null	null	null	null	null
null	null	22.59375	19.15625	null	null	null	null	null	null	null
22.66	999.23	null	null	null	null	null	null	null	null	null
null	null	null	null	null	null	null	null	0.1171875	0.05224609375	-0.9931640625
null	null	null	null	null	null	null	null	null	null	null
null	null	null	null	null	7.843017578125	-0.90789794921875	-6.591796875	null	null	null
null	null	null	null	565.6	null	null	null	null	null	null
null	null	22.59375	19	null	null	null	null	null	null	null
22.66	999.18	null	null	null	null	null	null	null	null	null
null	null	null	null	null	null	null	null	0.10791015625	0.09228515625	-0.998046875
null	null	null	null	null	null	null	null	null	null	null
null	null	null	null	null	6.90460205078125	-4.6234130859375	-6.15692138671875	null	null	null
null	null	null	null	565.6	null	null	null	null	null	null
null	null	22.59375	18.9375	null	null	null	null	null	null	null
22.66	999.25	null	null	null	null	null	null	null	null	null
null	null	null	null	null	null	null	null	0.064453125	0.066162109375	-0.94091796875
null	null	null	null	null	null	null	null	null	null	null
null	null	null	null	null	5.7220458984375	-5.6915283203125	-7.3089599609375	null	null	null
null	null	null	null	562.72	null	null	null	null	null	null
null	null	22.59375	19.0625	null	null	null	null	null	null	null
22.66	999.2	null	null	null	null	null	null	null	null	null
null	null	null	null	null	null	null	null	0.099853515625	-0.038330078125	-0.960693359375
null	null	null	null	null	null	null	null	null	null	null
null	null	null	null	null	7.51495361328125	-2.60162353515625	-8.1329345703125	null	null	null
null	null	null	null	563.6800000000001	null	null	null	null	null	null
null	null	22.59375	18.90625	null	null	null	null	null	null	null
22.67	999.23	null	null	null	null	null	null	null	null	null
null	null	null	null	null	null	null	null	0.106689453125	0.100830078125	-0.98193359375
null	null	null	null	null	null	null	null	null	null	null
null	null	null	null	null	5.19561767578125	-7.4310302734375	-9.55963134765625	null	null	null
null	null	null	null	561.12	null	null	null	null	null	null
null	null	22.59375	19.25	null	null	null	null	null	null	null
22.66	999.22	null	null	null	null	null	null	null	null	null
null	null	null	null	null	null	null	null	0.07861328125	0.087646484375	-0.895751953125
null	null	null	null	null	null	null	null	null	null	null
null	null	null	null	null	7.537841796875	-0.14495849609375	-7.19451904296875	null	null	null
null	null	null	null	561.12	null	null	null	null	null	null
null	null	22.59375	19.03125	null	null	null	null	null	null	null
22.67	999.23	null	null	null	null	null	null	null	null	null
null	null	null	null	null	null	null	null	0.0908203125	0.109130859375	-0.957275390625
null	null	null	null	null	null	null	null	null	null	null
null	null	null	null	null	6.378173828125	-4.1656494140625	-8.1634521484375	null	null	null
null	null	null	null	560	null	null	null	null	null	null
null	null	22.59375	19	null	null	null	null	null	null	null
22.67	999.22	null	null	null	null	null	null	null	null	null
null	null	null	null	null	null	null	null	0.049072265625	0.075927734375	-0.91845703125
null	null	null	null	null	null	null	null	null	null	null
null	null	null	null	null	12.09259033203125	-13.46588134765625	-6.2103271484375	null	null	null
null	null	null	null	636.32	null	null	null	null	null	null
null	null	22.59375	18.90625	null	null	null	null	null	null	null
22.68	999.17	null	null	null	null	null	null	null	null	null
null	null	null	null	null	null	null	null	0.05517578125	0.059326171875	-0.928466796875
null	null	null	null	null	null	null	null	null	null	null
null	null	null	null	null	6.561279296875	-6.93511962890625	-9.674072265625	null	null	null
null	null	null	null	1163.84	null	null	null	null	null	null
null	null	22.59375	19.0625	null	null	null	null	null	null	null
22.69	999.28	null	null	null	null	null	null	null	null	null
null	null	null	null	null	null	null	null	0.098876953125	-0.010498046875	-0.859130859375
null	null	null	null	null	null	null	null	null	null	null
null	null	null	null	null	1.73187255859375	-22.369384765625	-14.0838623046875	null	null	null
null	null	null	null	13557.76	null	null	null	null	null	null
null	null	22.59375	18.9375	null	null	null	null	null	null	null
22.69	999.16	null	null	null	null	null	null	null	null	null
null	null	null	null	null	null	null	null	0.099365234375	0.055419921875	-0.953857421875
null	null	null	null	null	null	null	null	null	null	null
null	null	null	null	null	19.78302001953125	-6.43157958984375	-8.8653564453125	null	null	null
null	null	null	null	1.29	null	null	null	null	null	null
null	null	22.59375	18.96875	null	null	null	null	null	null	null
22.69	999.23	null	null	null	null	null	null	null	null	null
null	null	null	null	null	null	null	null	0.128173828125	-0.026123046875	-0.944580078125
null	null	null	null	null	null	null	null	null	null	null
null	null	null	null	null	3.54766845703125	-14.51873779296875	-8.32366943359375	null	null	null
null	null	null	null	1.21	null	null	null	null	null	null
null	null	22.59375	18.75	null	null	null	null	null	null	null
22.68	999.16	null	null	null	null	null	null	null	null	null
null	null	null	null	null	null	null	null	0.14599609375	-0.05322265625	-1.009033203125
null	null	null	null	null	null	null	null	null	null	null
null	null	null	null	null	-4.29534912109375	-2.9144287109375	-5.27191162109375	null	null	null
null	null	null	null	12.56	null	null	null	null	null	null
null	null	22.59375	19.15625	null	null	null	null	null	null	null
22.71	999.3	null	null	null	null	null	null	null	null	null
null	null	null	null	null	null	null	null	0.080322265625	0.009521484375	-0.94189453125
null	null	null	null	null	null	null	null	null	null	null
null	null	null	null	null	0.79345703125	-15.411376953125	-9.02557373046875	null	null	null
null	null	null	null	22609.920000000002	null	null	null	null	null	null
null	null	22.59375	19.09375	null	null	null	null	null	null	null
22.74	999.24	null	null	null	null	null	null	null	null	null
null	null	null	null	null	null	null	null	0.2275390625	-0.053955078125	-0.900390625
null	null	null	null	null	null	null	null	null	null	null
null	null	null	null	null	-2.03704833984375	-4.55474853515625	-4.7607421875	null	null	null
null	null	null	null	32.8	null	null	null	null	null	null
null	null	22.59375	18.8125	null	null	null	null	null	null	null
22.74	999.16	null	null	null	null	null	null	null	null	null
null	null	null	null	null	null	null	null	0.032470703125	-0.007080078125	-0.871337890625
null	null	null	null	null	null	null	null	null	null	null
null	null	null	null	null	2.593994140625	10.1165771484375	-9.52911376953125	null	null	null
null	null	null	null	1.2	null	null	null	null	null	null
null	null	22.59375	19	null	null	null	null	null	null	null
22.73	999.2	null	null	null	null	null	null	null	null	null
null	null	null	null	null	null	null	null	0.181640625	0.010009765625	-1.1328125
null	null	null	null	null	null	null	null	null	null	null
null	null	null	null	null	7.86590576171875	6.622314453125	-13.32855224609375	null	null	null
null	null	null	null	1.6	null	null	null	null	null	null
null	null	22.625	18.90625	null	null	null	null	null	null	null
22.72	999.17	null	null	null	null	null	null	null	null	null
null	null	null	null	null	null	null	null	0.037353515625	-0.04296875	-0.96240234375
null	null	null	null	null	null	null	null	null	null	null
null	null	null	null	null	11.474609375	-11.6729736328125	-14.068603515625	null	null	null
null	null	null	null	1.1300000000000001	null	null	null	null	null	null
null	null	22.625	19.09375	null	null	null	null	null	null	null
22.72	999.2	null	null	null	null	null	null	null	null	null
null	null	null	null	null	null	null	null	0.0810546875	-0.068359375	-1.0068359375
null	null	null	null	null	null	null	null	null	null	null
null	null	null	null	null	4.3792724609375	10.9710693359375	-22.216796875	null	null	null
null	null	null	null	1.2	null	null	null	null	null	null
null	null	22.59375	18.90625	null	null	null	null	null	null	null
22.72	999.18	null	null	null	null	null	null	null	null	null
null	null	null	null	null	null	null	null	0.110595703125	0.073974609375	-1.072265625
null	null	null	null	null	null	null	null	null	null	null
null	null	null	null	null	-2.09808349609375	-6.21795654296875	-23.7884521484375	null	null	null
null	null	null	null	1.1300000000000001	null	null	null	null	null	null
null	null	22.625	19.09375	null	null	null	null	null	null	null
22.7	999.17	null	null	null	null	null	null	null	null	null
null	null	null	null	null	null	null	null	0.067138671875	-0.04150390625	-1.054443359375
null	null	null	null	null	null	null	null	null	null	null
null	null	null	null	null	-0.69427490234375	8.270263671875	-17.2271728515625	null	null	null
null	null	null	null	1.6	null	null	null	null	null	null
null	null	22.625	19.1875	null	null	null	null	null	null	null
22.71	999.22	null	null	null	null	null	null	null	null	null
null	null	null	null	null	null	null	null	0.044189453125	-0.099853515625	-1.025634765625
null	null	null	null	null	null	null	null	null	null	null
null	null	null	null	null	-1.45721435546875	14.190673828125	-8.2244873046875	null	null	null
null	null	null	null	1.1300000000000001	null	null	null	null	null	null
null	null	22.625	18.90625	null	null	null	null	null	null	null
22.71	999.24	null	null	null	null	null	null	null	null	null
null	null	null	null	null	null	null	null	0.05322265625	0.011962890625	-1.0146484375
null	null	null	null	null	null	null	null	null	null	null
null	null	null	null	null	20.31707763671875	-8.33892822265625	8.7127685546875	null	null	null
null	null	null	null	0.96	null	null	null	null	null	null
null	null	22.625	18.75	null	null	null	null	null	null	null
22.7	999.26	null	null	null	null	null	null	null	null	null
null	null	null	null	null	null	null	null	0.148193359375	0.02294921875	-0.79248046875
null	null	null	null	null	null	null	null	null	null	null
null	null	null	null	null	-4.0130615234375	-11.474609375	-11.54327392578125	null	null	null
null	null	null	null	1.04	null	null	null	null	null	null
null	null	22.625	19.09375	null	null	null	null	null	null	null
22.7	999.23	null	null	null	null	null	null	null	null	null
null	null	null	null	null	null	null	null	0.068603515625	-0.02490234375	-0.995849609375
null	null	null	null	null	null	null	null	null	null	null
null	null	null	null	null	4.34112548828125	6.7291259765625	-13.74053955078125	null	null	null
null	null	null	null	1.04	null	null	null	null	null	null
null	null	22.625	19.0625	null	null	null	null	null	null	null
22.71	999.17	null	null	null	null	null	null	null	null	null
null	null	null	null	null	null	null	null	0.173828125	0.03125	-0.994384765625
null	null	null	null	null	null	null	null	null	null	null
null	null	null	null	null	18.0511474609375	-12.76397705078125	-0.00762939453125	null	null	null
null	null	null	null	1.21	null	null	null	null	null	null
null	null	22.625	18.9375	null	null	null	null	null	null	null
22.7	999.16	null	null	null	null	null	null	null	null	null
null	null	null	null	null	null	null	null	0.01513671875	0.143310546875	-0.78076171875
null	null	null	null	null	null	null	null	null	null	null
null	null	null	null	null	13.83209228515625	-22.91107177734375	4.09698486328125	null	null	null
null	null	null	null	1.05	null	null	null	null	null	null
null	null	22.625	18.75	null	null	null	null	null	null	null
22.7	999.2	null	null	null	null	null	null	null	null	null
null	null	null	null	null	null	null	null	0.07275390625	-0.046875	-1.075439453125
null	null	null	null	null	null	null	null	null	null	null
null	null	null	null	null	7.3394775390625	2.08282470703125	1.82342529296875	null	null	null
null	null	null	null	1.29	null	null	null	null	null	null
null	null	22.625	18.75	null	null	null	null	null	null	null
22.7	999.18	null	null	null	null	null	null	null	null	null
null	null	null	null	null	null	null	null	0.085693359375	-0.011962890625	-1.1083984375
null	null	null	null	null	null	null	null	null	null	null
null	null	null	null	null	-12.15362548828125	6.2408447265625	-14.7705078125	null	null	null
null	null	null	null	1.28	null	null	null	null	null	null
null	null	22.625	18.40625	null	null	null	null	null	null	null
22.69	999.17	null	null	null	null	null	null	null	null	null
null	null	null	null	null	null	null	null	0.08984375	-0.042724609375	-1.095703125
null	null	null	null	null	null	null	null	null	null	null
null	null	null	null	null	-12.65716552734375	15.41900634765625	-9.1400146484375	null	null	null
null	null	null	null	0.97	null	null	null	null	null	null
null	null	22.625	18.59375	null	null	null	null	null	null	null
22.69	999.19	null	null	null	null	null	null	null	null	null
null	null	null	null	null	null	null	null	0.057861328125	-0.08203125	-0.876953125
null	null	null	null	null	null	null	null	null	null	null
null	null	null	null	null	6.21795654296875	-15.1519775390625	-4.1961669921875	null	null	null
null	null	null	null	1.53	null	null	null	null	null	null
null	null	22.625	18.4375	null	null	null	null	null	null	null
22.7	999.17	null	null	null	null	null	null	null	null	null
null	null	null	null	null	null	null	null	0.20166015625	0.050048828125	-0.865478515625
null	null	null	null	null	null	null	null	null	null	null
null	null	null	null	null	20.1873779296875	-12.664794921875	-9.552001953125	null	null	null
null	null	null	null	1.45	null	null	null	null	null	null
null	null	22.625	18.65625	null	null	null	null	null	null	null
22.69	999.25	null	null	null	null	null	null	null	null	null
null	null	null	null	null	null	null	null	0.05126953125	-0.0029296875	-1.118408203125
null	null	null	null	null	null	null	null	null	null	null
null	null	null	null	null	-0.00762939453125	18.11981201171875	-7.28607177734375	null	null	null
null	null	null	null	1.21	null	null	null	null	null	null
null	null	22.625	18.78125	null	null	null	null	null	null	null
22.69	999.17	null	null	null	null	null	null	null	null	null
null	null	null	null	null	null	null	null	0.050048828125	-0.05859375	-1.154541015625
null	null	null	null	null	null	null	null	null	null	null
null	null	null	null	null	0.0457763671875	3.88336181640625	-14.85443115234375	null	null	null
null	null	null	null	1.1300000000000001	null	null	null	null	null	null
null	null	22.59375	18.625	null	null	null	null	null	null	null
22.68	999.2	null	null	null	null	null	null	null	null	null
null	null	null	null	null	null	null	null	0.08154296875	-0.16064453125	-1.06884765625
null	null	null	null	null	null	null	null	null	null	null
null	null	null	null	null	18.9666748046875	0.46539306640625	0.34332275390625	null	null	null
null	null	null	null	1.21	null	null	null	null	null	null
null	null	22.59375	18.65625	null	null	null	null	null	null	null
22.69	999.17	null	null	null	null	null	null	null	null	null
null	null	null	null	null	null	null	null	0.1005859375	0.00341796875	-1.006591796875
null	null	null	null	null	null	null	null	null	null	null
null	null	null	null	null	16.448974609375	1.27410888671875	1.617431640625	null	null	null
null	null	null	null	0.97	null	null	null	null	null	null
null	null	22.59375	18.78125	null	null	null	null	null	null	null
22.66	999.22	null	null	null	null	null	null	null	null	null
null	null	null	null	null	null	null	null	0.09033203125	0.06005859375	-1.118896484375
null	null	null	null	null	null	null	null	null	null	null
null	null	null	null	null	-2.5177001953125	17.86041259765625	-9.94873046875	null	null	null
null	null	null	null	0.96	null	null	null	null	null	null
null	null	22.59375	18.8125	null	null	null	null	null	null	null
22.67	999.22	null	null	null	null	null	null	null	null	null
null	null	null	null	null	null	null	null	0.048095703125	-0.003173828125	-0.875244140625
null	null	null	null	null	null	null	null	null	null	null
null	null	null	null	null	10.70404052734375	-17.12799072265625	-2.166748046875	null	null	null
null	null	null	null	1.1300000000000001	null	null	null	null	null	null
null	null	22.59375	18.625	null	null	null	null	null	null	null
22.66	999.22	null	null	null	null	null	null	null	null	null
null	null	null	null	null	null	null	null	0.072021484375	-0.02734375	-0.928466796875
null	null	null	null	null	null	null	null	null	null	null
null	null	null	null	null	1.39617919921875	-0.89263916015625	-10.284423828125	null	null	null
null	null	null	null	1.29	null	null	null	null	null	null
null	null	22.59375	18.90625	null	null	null	null	null	null	null
22.65	999.17	null	null	null	null	null	null	null	null	null
null	null	null	null	null	null	null	null	0.048583984375	-0.038818359375	-0.969482421875
null	null	null	null	null	null	null	null	null	null	null
null	null	null	null	null	13.23699951171875	13.9007568359375	-6.20269775390625	null	null	null
null	null	null	null	1.44	null	null	null	null	null	null
null	null	22.59375	19.25	null	null	null	null	null	null	null
22.65	999.17	null	null	null	null	null	null	null	null	null
null	null	null	null	null	null	null	null	0.0703125	0.028564453125	-1.02587890625
null	null	null	null	null	null	null	null	null	null	null
null	null	null	null	null	-7.568359375	-3.2958984375	-24.25384521484375	null	null	null
null	null	null	null	0.89	null	null	null	null	null	null
null	null	22.59375	18.96875	null	null	null	null	null	null	null
22.65	999.17	null	null	null	null	null	null	null	null	null
null	null	null	null	null	null	null	null	0.075439453125	-0.099853515625	-1.0302734375
null	null	null	null	null	null	null	null	null	null	null
null	null	null	null	null	-8.087158203125	0.7476806640625	-21.67510986328125	null	null	null
null	null	null	null	1.12	null	null	null	null	null	null
null	null	22.59375	19	null	null	null	null	null	null	null
22.65	999.2	null	null	null	null	null	null	null	null	null
null	null	null	null	null	null	null	null	0.12939453125	-0.07958984375	-0.967529296875
null	null	null	null	null	null	null	null	null	null	null
null	null	null	null	null	23.62060546875	-0.63323974609375	-31.158447265625	null	null	null
null	null	null	null	0.96	null	null	null	null	null	null
null	null	22.59375	19.03125	null	null	null	null	null	null	null
22.65	999.18	null	null	null	null	null	null	null	null	null
null	null	null	null	null	null	null	null	0.172119140625	0.077880859375	-0.997314453125
null	null	null	null	null	null	null	null	null	null	null
null	null	null	null	null	-0.6256103515625	3.66973876953125	-6.072998046875	null	null	null
null	null	null	null	0.97	null	null	null	null	null	null
null	null	22.59375	19.34375	null	null	null	null	null	null	null
22.65	999.19	null	null	null	null	null	null	null	null	null
null	null	null	null	null	null	null	null	0.17041015625	-0.0732421875	-0.890869140625
null	null	null	null	null	null	null	null	null	null	null
null	null	null	null	null	18.9056396484375	-10.5438232421875	6.2255859375	null	null	null
null	null	null	null	1.21	null	null	null	null	null	null
null	null	22.59375	19.25	null	null	null	null	null	null	null
22.64	999.22	null	null	null	null	null	null	null	null	null
null	null	null	null	null	null	null	null	0.102294921875	0.082763671875	-0.8466796875
null	null	null	null	null	null	null	null	null	null	null
null	null	null	null	null	16.082763671875	-11.16180419921875	7.3089599609375	null	null	null
null	null	null	null	1.21	null	null	null	null	null	null
null	null	22.59375	19.15625	null	null	null	null	null	null	null
22.64	999.1	null	null	null	null	null	null	null	null	null
null	null	null	null	null	null	null	null	0.165771484375	0.03173828125	-0.80078125
null	null	null	null	null	null	null	null	null	null	null
null	null	null	null	null	14.93072509765625	-14.70184326171875	-8.61358642578125	null	null	null
null	null	null	null	1.2	null	null	null	null	null	null
null	null	22.59375	18.78125	null	null	null	null	null	null	null
22.64	999.18	null	null	null	null	null	null	null	null	null
null	null	null	null	null	null	null	null	0.10791015625	-0.035400390625	-0.8037109375
null	null	null	null	null	null	null	null	null	null	null
null	null	null	null	null	4.5013427734375	-16.62445068359375	-29.296875	null	null	null
null	null	null	null	1.45	null	null	null	null	null	null
null	null	22.5625	18.21875	null	null	null	null	null	null	null
22.65	999.2	null	null	null	null	null	null	null	null	null
null	null	null	null	null	null	null	null	0.076171875	0.0205078125	-1.133544921875
null	null	null	null	null	null	null	null	null	null	null
null	null	null	null	null	5.31005859375	-1.129150390625	-19.26422119140625	null	null	null
null	null	null	null	1.77	null	null	null	null	null	null
null	null	22.5625	18.5	null	null	null	null	null	null	null
22.65	999.15	null	null	null	null	null	null	null	null	null
null	null	null	null	null	null	null	null	0.03369140625	0.08349609375	-0.924560546875
null	null	null	null	null	null	null	null	null	null	null
null	null	null	null	null	-3.0670166015625	4.81414794921875	-2.3651123046875	null	null	null
null	null	null	null	1.21	null	null	null	null	null	null
null	null	22.5625	18.21875	null	null	null	null	null	null	null
22.63	999.19	null	null	null	null	null	null	null	null	null
null	null	null	null	null	null	null	null	0.129150390625	0.026123046875	-1.08837890625
null	null	null	null	null	null	null	null	null	null	null
null	null	null	null	null	-5.42449951171875	-4.7454833984375	-0.2593994140625	null	null	null
null	null	null	null	1.1300000000000001	null	null	null	null	null	null
null	null	22.5625	18.4375	null	null	null	null	null	null	null
22.63	999.16	null	null	null	null	null	null	null	null	null
null	null	null	null	null	null	null	null	0.104248046875	0.108642578125	-0.949462890625
null	null	null	null	null	null	null	null	null	null	null
null	null	null	null	null	-13.28277587890625	9.5977783203125	2.12860107421875	null	null	null
null	null	null	null	1.1300000000000001	null	null	null	null	null	null
null	null	22.5625	18.4375	null	null	null	null	null	null	null
22.62	999.19	null	null	null	null	null	null	null	null	null
null	null	null	null	null	null	null	null	0.1220703125	0.104736328125	-0.7978515625
null	null	null	null	null	null	null	null	null	null	null
null	null	null	null	null	-2.593994140625	9.16290283203125	-2.12860107421875	null	null	null
null	null	null	null	1.04	null	null	null	null	null	null
null	null	22.5625	18.5625	null	null	null	null	null	null	null
22.61	999.17	null	null	null	null	null	null	null	null	null
null	null	null	null	null	null	null	null	0.10546875	0.027099609375	-0.945068359375
null	null	null	null	null	null	null	null	null	null	null
null	null	null	null	null	11.199951171875	-6.58416748046875	-4.18853759765625	null	null	null
null	null	null	null	1.04	null	null	null	null	null	null
null	null	22.5625	18.46875	null	null	null	null	null	null	null
22.62	999.23	null	null	null	null	null	null	null	null	null
null	null	null	null	null	null	null	null	0.092041015625	0.003173828125	-0.958740234375
null	null	null	null	null	null	null	null	null	null	null
null	null	null	null	null	5.05828857421875	-10.0555419921875	-12.42828369140625	null	null	null
null	null	null	null	1.04	null	null	null	null	null	null
null	null	22.5625	18.6875	null	null	null	null	null	null	null
22.61	999.18	null	null	null	null	null	null	null	null	null
null	null	null	null	null	null	null	null	0.179931640625	-0.043701171875	-1.00341796875
null	null	null	null	null	null	null	null	null	null	null
null	null	null	null	null	1.38092041015625	-18.98193359375	-5.5694580078125	null	null	null
null	null	null	null	1.04	null	null	null	null	null	null
null	null	22.53125	18.625	null	null	null	null	null	null	null
22.61	999.2	null	null	null	null	null	null	null	null	null
null	null	null	null	null	null	null	null	0.1005859375	0.050537109375	-0.90185546875
null	null	null	null	null	null	null	null	null	null	null
null	null	null	null	null	12.8631591796875	-5.63812255859375	-6.58416748046875	null	null	null
null	null	null	null	0.96	null	null	null	null	null	null
null	null	22.53125	18.40625	null	null	null	null	null	null	null
22.61	999.23	null	null	null	null	null	null	null	null	null
null	null	null	null	null	null	null	null	0.06103515625	-0.00732421875	-1.03369140625
null	null	null	null	null	null	null	null	null	null	null
null	null	null	null	null	8.47625732421875	10.20050048828125	-6.866455078125	null	null	null
null	null	null	null	0.88	null	null	null	null	null	null
null	null	22.53125	18.46875	null	null	null	null	null	null	null
22.6	999.22	null	null	null	null	null	null	null	null	null
null	null	null	null	null	null	null	null	0.147705078125	-0.050048828125	-0.968017578125
null	null	null	null	null	null	null	null	null	null	null
null	null	null	null	null	0.640869140625	-16.8609619140625	-2.32696533203125	null	null	null
null	null	null	null	0.88	null	null	null	null	null	null
null	null	22.53125	18.6875	null	null	null	null	null	null	null
22.59	999.18	null	null	null	null	null	null	null	null	null
null	null	null	null	null	null	null	null	0.196533203125	-0.040771484375	-0.92236328125
null	null	null	null	null	null	null	null	null	null	null
null	null	null	null	null	8.7890625	-5.53131103515625	-5.0506591796875	null	null	null
null	null	null	null	1.04	null	null	null	null	null	null
null	null	22.53125	18.6875	null	null	null	null	null	null	null
22.6	999.23	null	null	null	null	null	null	null	null	null
null	null	null	null	null	null	null	null	0.174072265625	-0.083984375	-0.93994140625
null	null	null	null	null	null	null	null	null	null	null
null	null	null	null	null	6.56890869140625	10.0250244140625	-5.7220458984375	null	null	null
null	null	null	null	1.04	null	null	null	null	null	null
null	null	22.53125	18.65625	null	null	null	null	null	null	null
22.6	999.27	null	null	null	null	null	null	null	null	null
null	null	null	null	null	null	null	null	0.19287109375	0.013671875	-1.01220703125
null	null	null	null	null	null	null	null	null	null	null
null	null	null	null	null	4.75311279296875	-1.16729736328125	3.25775146484375	null	null	null
null	null	null	null	0.88	null	null	null	null	null	null
null	null	22.5	18.53125	null	null	null	null	null	null	null
22.59	999.19	null	null	null	null	null	null	null	null	null
null	null	null	null	null	null	null	null	0.198486328125	-0.14501953125	-0.927001953125
null	null	null	null	null	null	null	null	null	null	null
null	null	null	null	null	6.591796875	-8.331298828125	-4.913330078125	null	null	null
null	null	null	null	0.96	null	null	null	null	null	null
null	null	22.5	18.6875	null	null	null	null	null	null	null
22.58	999.24	null	null	null	null	null	null	null	null	null
null	null	null	null	null	null	null	null	0.195556640625	-0.008544921875	-0.89306640625
null	null	null	null	null	null	null	null	null	null	null
null	null	null	null	null	0.823974609375	-6.011962890625	-3.12042236328125	null	null	null
null	null	null	null	0.88	null	null	null	null	null	null
null	null	22.5	18.75	null	null	null	null	null	null	null
22.58	999.19	null	null	null	null	null	null	null	null	null
null	null	null	null	null	null	null	null	0.103515625	-0.14697265625	-1.14501953125
null	null	null	null	null	null	null	null	null	null	null
null	null	null	null	null	-13.80157470703125	-4.31060791015625	14.251708984375	null	null	null
null	null	null	null	0.8	null	null	null	null	null	null
null	null	22.5	18.78125	null	null	null	null	null	null	null
22.58	999.23	null	null	null	null	null	null	null	null	null
null	null	null	null	null	null	null	null	0.119873046875	-0.071533203125	-0.947998046875
null	null	null	null	null	null	null	null	null	null	null
null	null	null	null	null	9.7198486328125	1.27410888671875	7.965087890625	null	null	null
null	null	null	null	0.64	null	null	null	null	null	null
null	null	22.5	18.875	null	null	null	null	null	null	null
22.58	999.27	null	null	null	null	null	null	null	null	null
null	null	null	null	null	null	null	null	-0.048095703125	-0.038818359375	-1.0322265625
null	null	null	null	null	null	null	null	null	null	null
null	null	null	null	null	1.0833740234375	-17.7764892578125	-5.859375	null	null	null
null	null	null	null	0.89	null	null	null	null	null	null
null	null	22.5	18.96875	null	null	null	null	null	null	null
22.57	999.22	null	null	null	null	null	null	null	null	null
null	null	null	null	null	null	null	null	0.02197265625	-0.1298828125	-1.06494140625
null	null	null	null	null	null	null	null	null	null	null
null	null	null	null	null	-0.2288818359375	15.7470703125	-8.00323486328125	null	null	null
null	null	null	null	1.05	null	null	null	null	null	null
null	null	22.46875	18.625	null	null	null	null	null	null	null
22.57	999.24	null	null	null	null	null	null	null	null	null
null	null	null	null	null	null	null	null	0.167724609375	0.03564453125	-1.12255859375
null	null	null	null	null	null	null	null	null	null	null
null	null	null	null	null	11.13128662109375	-0.274658203125	-1.220703125	null	null	null
null	null	null	null	1.1300000000000001	null	null	null	null	null	null
null	null	22.46875	18.5	null	null	null	null	null	null	null
22.56	999.24	null	null	null	null	null	null	null	null	null
null	null	null	null	null	null	null	null	0.269775390625	-0.095947265625	-1.1123046875
null	null	null	null	null	null	null	null	null	null	null
null	null	null	null	null	2.52532958984375	11.322021484375	-14.61029052734375	null	null	null
null	null	null	null	1.21	null	null	null	null	null	null
null	null	22.46875	18.625	null	null	null	null	null	null	null
22.56	999.22	null	null	null	null	null	null	null	null	null
null	null	null	null	null	null	null	null	0.115478515625	-0.025634765625	-1.086181640625
null	null	null	null	null	null	null	null	null	null	null
null	null	null	null	null	16.65496826171875	-8.0108642578125	-12.04681396484375	null	null	null
null	null	null	null	1.45	null	null	null	null	null	null
null	null	22.46875	18.96875	null	null	null	null	null	null	null
22.55	999.22	null	null	null	null	null	null	null	null	null
null	null	null	null	null	null	null	null	0.191162109375	-0.041015625	-1.06787109375
null	null	null	null	null	null	null	null	null	null	null
null	null	null	null	null	-5.83648681640625	-5.4473876953125	-21.54541015625	null	null	null
null	null	null	null	1.45	null	null	null	null	null	null
null	null	22.46875	19.125	null	null	null	null	null	null	null
22.56	999.22	null	null	null	null	null	null	null	null	null
null	null	null	null	null	null	null	null	0.124755859375	-0.03515625	-0.892822265625
null	null	null	null	null	null	null	null	null	null	null
null	null	null	null	null	6.988525390625	-12.1307373046875	-6.439208984375	null	null	null
null	null	null	null	1.37	null	null	null	null	null	null
null	null	22.46875	18.71875	null	null	null	null	null	null	null
22.55	999.23	null	null	null	null	null	null	null	null	null
null	null	null	null	null	null	null	null	0.1669921875	-0.026123046875	-1.1142578125
null	null	null	null	null	null	null	null	null	null	null
null	null	null	null	null	2.06756591796875	-1.41143798828125	-18.02825927734375	null	null	null
null	null	null	null	1.21	null	null	null	null	null	null
null	null	22.46875	19.15625	null	null	null	null	null	null	null
22.53	999.22	null	null	null	null	null	null	null	null	null
null	null	null	null	null	null	null	null	0.209716796875	-0.0263671875	-0.84716796875
null	null	null	null	null	null	null	null	null	null	null
null	null	null	null	null	-1.8310546875	-13.19122314453125	-1.9073486328125	null	null	null
null	null	null	null	0.56	null	null	null	null	null	null
null	null	22.46875	18.625	null	null	null	null	null	null	null
22.53	999.23	null	null	null	null	null	null	null	null	null
null	null	null	null	null	null	null	null	0.311279296875	0.043701171875	-0.8623046875
null	null	null	null	null	null	null	null	null	null	null
null	null	null	null	null	31.04400634765625	-9.45281982421875	-5.0811767578125	null	null	null
null	null	null	null	1.05	null	null	null	null	null	null
null	null	22.46875	18.71875	null	null	null	null	null	null	null
22.53	999.26	null	null	null	null	null	null	null	null	null
null	null	null	null	null	null	null	null	0.2255859375	-0.02685546875	-0.97314453125
null	null	null	null	null	null	null	null	null	null	null
null	null	null	null	null	22.37701416015625	-0.92315673828125	-0.89263916015625	null	null	null
null	null	null	null	1.1300000000000001	null	null	null	null	null	null
null	null	22.46875	19	null	null	null	null	null	null	null
22.53	999.23	null	null	null	null	null	null	null	null	null
null	null	null	null	null	null	null	null	0.158203125	-0.167724609375	-1.090576171875
null	null	null	null	null	null	null	null	null	null	null
null	null	null	null	null	12.04681396484375	6.90460205078125	-4.84466552734375	null	null	null
null	null	null	null	1.1300000000000001	null	null	null	null	null	null
null	null	22.46875	18.96875	null	null	null	null	null	null	null
22.53	999.2	null	null	null	null	null	null	null	null	null
null	null	null	null	null	null	null	null	0.097900390625	-0.08251953125	-0.915283203125
null	null	null	null	null	null	null	null	null	null	null
null	null	null	null	null	-0.8544921875	-2.3651123046875	-14.678955078125	null	null	null
null	null	null	null	1.29	null	null	null	null	null	null
null	null	22.46875	18.9375	null	null	null	null	null	null	null
22.52	999.29	null	null	null	null	null	null	null	null	null
null	null	null	null	null	null	null	null	0.15087890625	-0.0166015625	-1.028076171875
null	null	null	null	null	null	null	null	null	null	null
null	null	null	null	null	2.7923583984375	3.570556640625	0.05340576171875	null	null	null
null	null	null	null	1.29	null	null	null	null	null	null
null	null	22.4375	18.75	null	null	null	null	null	null	null
22.53	999.25	null	null	null	null	null	null	null	null	null
null	null	null	null	null	null	null	null	0.0537109375	-0.12744140625	-0.816162109375
null	null	null	null	null	null	null	null	null	null	null
null	null	null	null	null	13.48114013671875	-5.4931640625	-4.4097900390625	null	null	null
null	null	null	null	1.05	null	null	null	null	null	null
null	null	22.4375	19	null	null	null	null	null	null	null
22.53	999.25	null	null	null	null	null	null	null	null	null
null	null	null	null	null	null	null	null	0.15185546875	-0.034912109375	-1.020263671875
null	null	null	null	null	null	null	null	null	null	null
null	null	null	null	null	11.32965087890625	-31.25762939453125	-8.7127685546875	null	null	null
null	null	null	null	0.97	null	null	null	null	null	null
null	null	22.4375	18.6875	null	null	null	null	null	null	null
22.51	999.15	null	null	null	null	null	null	null	null	null
null	null	null	null	null	null	null	null	0.238037109375	-0.0517578125	-0.999755859375
null	null	null	null	null	null	null	null	null	null	null
null	null	null	null	null	3.53240966796875	-1.74713134765625	-6.87408447265625	null	null	null
null	null	null	null	1.21	null	null	null	null	null	null
null	null	22.4375	18.9375	null	null	null	null	null	null	null
22.52	999.17	null	null	null	null	null	null	null	null	null
null	null	null	null	null	null	null	null	0.190673828125	-0.0478515625	-0.9716796875
null	null	null	null	null	null	null	null	null	null	null
null	null	null	null	null	5.83648681640625	-1.03759765625	-8.1939697265625	null	null	null
null	null	null	null	0.89	null	null	null	null	null	null
null	null	22.4375	19.03125	null	null	null	null	null	null	null
22.51	999.18	null	null	null	null	null	null	null	null	null
null	null	null	null	null	null	null	null	0.056884765625	-0.044189453125	-0.944580078125
null	null	null	null	null	null	null	null	null	null	null
null	null	null	null	null	4.67681884765625	3.70025634765625	-2.6092529296875	null	null	null
null	null	null	null	1.21	null	null	null	null	null	null
null	null	22.4375	19	null	null	null	null	null	null	null
22.52	999.25	null	null	null	null	null	null	null	null	null
null	null	null	null	null	null	null	null	0.148681640625	0.087158203125	-0.9443359375
null	null	null	null	null	null	null	null	null	null	null
null	null	null	null	null	13.2598876953125	-11.43646240234375	-8.30841064453125	null	null	null
null	null	null	null	1.12	null	null	null	null	null	null
null	null	22.4375	18.84375	null	null	null	null	null	null	null
22.51	999.24	null	null	null	null	null	null	null	null	null
null	null	null	null	null	null	null	null	0.102783203125	-0.0234375	-0.932373046875
null	null	null	null	null	null	null	null	null	null	null
null	null	null	null	null	-0.1678466796875	-7.30133056640625	-9.14764404296875	null	null	null
null	null	null	null	1.21	null	null	null	null	null	null
null	null	22.4375	18.90625	null	null	null	null	null	null	null
22.51	999.17	null	null	null	null	null	null	null	null	null
null	null	null	null	null	null	null	null	-0.02587890625	-0.186767578125	-0.731201171875
null	null	null	null	null	null	null	null	null	null	null
null	null	null	null	null	44.403076171875	-52.65045166015625	-12.5885009765625	null	null	null
null	null	null	null	1.1300000000000001	null	null	null	null	null	null
null	null	22.4375	18.78125	null	null	null	null	null	null	null
22.51	999.25	null	null	null	null	null	null	null	null	null
null	null	null	null	null	null	null	null	0.072021484375	0.017822265625	-0.999267578125
null	null	null	null	null	null	null	null	null	null	null
null	null	null	null	null	3.92913818359375	-7.36236572265625	-4.7760009765625	null	null	null
null	null	null	null	1.44	null	null	null	null	null	null
null	null	22.4375	18.625	null	null	null	null	null	null	null
22.51	999.17	null	null	null	null	null	null	null	null	null
null	null	null	null	null	null	null	null	0.2177734375	0.080322265625	-0.960205078125
null	null	null	null	null	null	null	null	null	null	null
null	null	null	null	null	18.8446044921875	-3.95965576171875	1.56402587890625	null	null	null
null	null	null	null	9.86	null	null	null	null	null	null
null	null	22.4375	18.65625	null	null	null	null	null	null	null
22.5	999.24	null	null	null	null	null	null	null	null	null
null	null	null	null	null	null	null	null	0.07958984375	0.01318359375	-0.96826171875
null	null	null	null	null	null	null	null	null	null	null
null	null	null	null	null	6.1187744140625	-6.78253173828125	-3.936767578125	null	null	null
null	null	null	null	24.150000000000002	null	null	null	null	null	null
null	null	22.4375	18.6875	null	null	null	null	null	null	null
22.5	999.26	null	null	null	null	null	null	null	null	null
null	null	null	null	null	null	null	null	0.150146484375	0.027099609375	-0.935546875
null	null	null	null	null	null	null	null	null	null	null
null	null	null	null	null	11.3677978515625	-17.84515380859375	-8.819580078125	null	null	null
null	null	null	null	30.19	null	null	null	null	null	null
null	null	22.4375	18.875	null	null	null	null	null	null	null
22.51	999.25	null	null	null	null	null	null	null	null	null
null	null	null	null	null	null	null	null	0.037109375	0.019287109375	-1.01513671875
null	null	null	null	null	null	null	null	null	null	null
null	null	null	null	null	-0.22125244140625	0.1373291015625	-3.4637451171875	null	null	null
null	null	null	null	1.21	null	null	null	null	null	null
null	null	22.4375	18.90625	null	null	null	null	null	null	null
22.49	999.19	null	null	null	null	null	null	null	null	null
null	null	null	null	null	null	null	null	0.1279296875	0.017578125	-0.964111328125
null	null	null	null	null	null	null	null	null	null	null
null	null	null	null	null	3.753662109375	-12.481689453125	-5.65338134765625	null	null	null
null	null	null	null	1.52	null	null	null	null	null	null
null	null	22.4375	18.6875	null	null	null	null	null	null	null
22.51	999.23	null	null	null	null	null	null	null	null	null
null	null	null	null	null	null	null	null	0.0986328125	0.15771484375	-0.969482421875
null	null	null	null	null	null	null	null	null	null	null
null	null	null	null	null	7.42340087890625	-8.575439453125	-6.56890869140625	null	null	null
null	null	null	null	1.21	null	null	null	null	null	null
null	null	22.4375	18.78125	null	null	null	null	null	null	null
22.49	999.24	null	null	null	null	null	null	null	null	null
null	null	null	null	null	null	null	null	0.204833984375	0.04931640625	-0.927978515625
null	null	null	null	null	null	null	null	null	null	null
null	null	null	null	null	5.04302978515625	-0.20599365234375	-8.4075927734375	null	null	null
null	null	null	null	1.45	null	null	null	null	null	null
null	null	22.4375	18.65625	null	null	null	null	null	null	null
22.49	999.24	null	null	null	null	null	null	null	null	null
null	null	null	null	null	null	null	null	0.0947265625	0.115234375	-0.9560546875
null	null	null	null	null	null	null	null	null	null	null
null	null	null	null	null	7.10296630859375	4.92095947265625	-2.98309326171875	null	null	null
null	null	null	null	1.29	null	null	null	null	null	null
null	null	22.4375	18.40625	null	null	null	null	null	null	null
22.5	999.27	null	null	null	null	null	null	null	null	null
null	null	null	null	null	null	null	null	0.127685546875	-0.00732421875	-0.9091796875
null	null	null	null	null	null	null	null	null	null	null
null	null	null	null	null	2.8228759765625	-5.6304931640625	-6.9732666015625	null	null	null
null	null	null	null	40.62	null	null	null	null	null	null
null	null	22.4375	18.875	null	null	null	null	null	null	null
22.5	999.22	null	null	null	null	null	null	null	null	null
null	null	null	null	null	null	null	null	0.11279296875	0.04345703125	-0.9560546875
null	null	null	null	null	null	null	null	null	null	null
null	null	null	null	null	4.18853759765625	-8.99505615234375	-10.650634765625	null	null	null
null	null	null	null	40.85	null	null	null	null	null	null
null	null	22.4375	18.75	null	null	null	null	null	null	null
22.5	999.18	null	null	null	null	null	null	null	null	null
null	null	null	null	null	null	null	null	0.124267578125	0.033935546875	-0.96728515625
null	null	null	null	null	null	null	null	null	null	null
null	null	null	null	null	4.1046142578125	-7.94219970703125	-8.68988037109375	null	null	null
null	null	null	null	41	null	null	null	null	null	null
null	null	22.4375	18.84375	null	null	null	null	null	null	null
22.5	999.24	null	null	null	null	null	null	null	null	null
null	null	null	null	null	null	null	null	0.156982421875	-0.019287109375	-0.985595703125
null	null	null	null	null	null	null	null	null	null	null
null	null	null	null	null	5.1422119140625	-3.42559814453125	-5.279541015625	null	null	null
null	null	null	null	41.160000000000004	null	null	null	null	null	null
null	null	22.4375	18.78125	null	null	null	null	null	null	null
22.5	999.25	null	null	null	null	null	null	null	null	null
null	null	null	null	null	null	null	null	0.1103515625	-0.0263671875	-0.97314453125
null	null	null	null	null	null	null	null	null	null	null
null	null	null	null	null	6.927490234375	2.593994140625	0.43487548828125	null	null	null
null	null	null	null	41.160000000000004	null	null	null	null	null	null
null	null	22.4375	18.78125	null	null	null	null	null	null	null
22.5	999.18	null	null	null	null	null	null	null	null	null
null	null	null	null	null	null	null	null	0.102783203125	0.026123046875	-0.958984375
null	null	null	null	null	null	null	null	null	null	null
null	null	null	null	null	5.59234619140625	4.08935546875	1.15203857421875	null	null	null
null	null	null	null	41.08	null	null	null	null	null	null
null	null	22.4375	18.75	null	null	null	null	null	null	null
22.51	999.23	null	null	null	null	null	null	null	null	null
null	null	null	null	null	null	null	null	0.060791015625	0.02880859375	-0.946044921875
null	null	null	null	null	null	null	null	null	null	null
null	null	null	null	null	6.87408447265625	1.861572265625	-2.40325927734375	null	null	null
null	null	null	null	41.300000000000004	null	null	null	null	null	null
null	null	22.4375	18.71875	null	null	null	null	null	null	null
22.5	999.27	null	null	null	null	null	null	null	null	null
null	null	null	null	null	null	null	null	0.18115234375	0.073974609375	-0.944091796875
null	null	null	null	null	null	null	null	null	null	null
null	null	null	null	null	6.58416748046875	-2.2125244140625	-6.7901611328125	null	null	null
null	null	null	null	41.22	null	null	null	null	null	null
null	null	22.4375	18.625	null	null	null	null	null	null	null
22.5	999.22	null	null	null	null	null	null	null	null	null
null	null	null	null	null	null	null	null	0.045654296875	-0.02685546875	-0.930419921875
null	null	null	null	null	null	null	null	null	null	null
null	null	null	null	null	6.87408447265625	-4.3487548828125	-5.57708740234375	null	null	null
null	null	null	null	41.22	null	null	null	null	null	null
null	null	22.4375	18.65625	null	null	null	null	null	null	null
22.51	999.2	null	null	null	null	null	null	null	null	null
null	null	null	null	null	null	null	null	0.06494140625	0.019775390625	-0.96142578125
null	null	null	null	null	null	null	null	null	null	null
null	null	null	null	null	3.42559814453125	-11.92474365234375	-7.17926025390625	null	null	null
null	null	null	null	41.38	null	null	null	null	null	null
null	null	22.4375	18.5625	null	null	null	null	null	null	null
22.49	999.18	null	null	null	null	null	null	null	null	null
null	null	null	null	null	null	null	null	0.10107421875	-0.048828125	-0.98779296875
null	null	null	null	null	null	null	null	null	null	null
null	null	null	null	null	2.78472900390625	-12.06207275390625	-5.7525634765625	null	null	null
null	null	null	null	41.46	null	null	null	null	null	null
null	null	22.4375	18.875	null	null	null	null	null	null	null
22.51	999.19	null	null	null	null	null	null	null	null	null
null	null	null	null	null	null	null	null	0.18896484375	0.09521484375	-1.004150390625
null	null	null	null	null	null	null	null	null	null	null
null	null	null	null	null	4.63104248046875	-0.3814697265625	-2.20489501953125	null	null	null
null	null	null	null	40.51	null	null	null	null	null	null
null	null	22.4375	18.78125	null	null	null	null	null	null	null
22.49	999.19	null	null	null	null	null	null	null	null	null
null	null	null	null	null	null	null	null	0.122314453125	-0.05908203125	-1.27978515625
null	null	null	null	null	null	null	null	null	null	null
null	null	null	null	null	-12.91656494140625	50.98724365234375	-24.97100830078125	null	null	null
null	null	null	null	1.44	null	null	null	null	null	null
null	null	22.4375	18.84375	null	null	null	null	null	null	null
22.49	999.16	null	null	null	null	null	null	null	null	null
null	null	null	null	null	null	null	null	0.233642578125	-0.13330078125	-0.662841796875
null	null	null	null	null	null	null	null	null	null	null
null	null	null	null	null	11.60430908203125	-64.6209716796875	11.53564453125	null	null	null
null	null	null	null	1.05	null	null	null	null	null	null
null	null	22.4375	18.59375	null	null	null	null	null	null	null
22.5	999.25	null	null	null	null	null	null	null	null	null
null	null	null	null	null	null	null	null	0.047607421875	-0.066650390625	-0.981689453125
null	null	null	null	null	null	null	null	null	null	null
null	null	null	null	null	-1.8768310546875	-1.129150390625	-2.0294189453125	null	null	null
null	null	null	null	1.1300000000000001	null	null	null	null	null	null
null	null	22.4375	18.84375	null	null	null	null	null	null	null
22.48	999.16	null	null	null	null	null	null	null	null	null
null	null	null	null	null	null	null	null	0.146728515625	0.101318359375	-0.8525390625
null	null	null	null	null	null	null	null	null	null	null
null	null	null	null	null	2.40325927734375	-6.8359375	-4.66156005859375	null	null	null
null	null	null	null	1.1300000000000001	null	null	null	null	null	null
null	null	22.4375	18.84375	null	null	null	null	null	null	null
22.5	999.18	null	null	null	null	null	null	null	null	null
null	null	null	null	null	null	null	null	0.23828125	-0.039794921875	-0.912841796875
null	null	null	null	null	null	null	null	null	null	null
null	null	null	null	null	20.16448974609375	-7.01904296875	1.80816650390625	null	null	null
null	null	null	null	1.1300000000000001	null	null	null	null	null	null
null	null	22.4375	18.78125	null	null	null	null	null	null	null
22.5	999.26	null	null	null	null	null	null	null	null	null
null	null	null	null	null	null	null	null	0.169921875	0.034423828125	-1.067138671875
null	null	null	null	null	null	null	null	null	null	null
null	null	null	null	null	2.92205810546875	8.7738037109375	-18.9056396484375	null	null	null
null	null	null	null	1.1300000000000001	null	null	null	null	null	null
null	null	22.4375	18.96875	null	null	null	null	null	null	null
22.49	999.17	null	null	null	null	null	null	null	null	null
null	null	null	null	null	null	null	null	0.16943359375	0.062744140625	-0.99853515625
null	null	null	null	null	null	null	null	null	null	null
null	null	null	null	null	8.2244873046875	-11.8560791015625	-16.34979248046875	null	null	null
null	null	null	null	1.05	null	null	null	null	null	null
null	null	22.4375	18.875	null	null	null	null	null	null	null
22.49	999.16	null	null	null	null	null	null	null	null	null
null	null	null	null	null	null	null	null	0.06640625	0.001953125	-1.08984375
null	null	null	null	null	null	null	null	null	null	null
null	null	null	null	null	1.01470947265625	7.75146484375	-29.0985107421875	null	null	null
null	null	null	null	0.96	null	null	null	null	null	null
null	null	22.4375	19.03125	null	null	null	null	null	null	null
22.51	999.22	null	null	null	null	null	null	null	null	null
null	null	null	null	null	null	null	null	0.1064453125	-0.07470703125	-1.036865234375
null	null	null	null	null	null	null	null	null	null	null
null	null	null	null	null	18.73016357421875	0.49591064453125	-27.2369384765625	null	null	null
null	null	null	null	1.21	null	null	null	null	null	null
null	null	22.4375	19.03125	null	null	null	null	null	null	null
22.51	999.23	null	null	null	null	null	null	null	null	null
null	null	null	null	null	null	null	null	0.130859375	-0.0380859375	-0.831298828125
null	null	null	null	null	null	null	null	null	null	null
null	null	null	null	null	14.51873779296875	-19.18792724609375	-24.43695068359375	null	null	null
null	null	null	null	1.29	null	null	null	null	null	null
null	null	22.4375	19.03125	null	null	null	null	null	null	null
22.5	999.22	null	null	null	null	null	null	null	null	null
null	null	null	null	null	null	null	null	0.21240234375	-0.122802734375	-0.896240234375
null	null	null	null	null	null	null	null	null	null	null
null	null	null	null	null	12.6190185546875	-13.153076171875	-16.54052734375	null	null	null
null	null	null	null	1.05	null	null	null	null	null	null
null	null	22.4375	18.96875	null	null	null	null	null	null	null
22.5	999.23	null	null	null	null	null	null	null	null	null
null	null	null	null	null	null	null	null	0.106201171875	-0.043212890625	-1.140869140625
null	null	null	null	null	null	null	null	null	null	null
null	null	null	null	null	7.49969482421875	-17.6544189453125	-8.53729248046875	null	null	null
null	null	null	null	1.04	null	null	null	null	null	null
null	null	22.4375	18.875	null	null	null	null	null	null	null
22.5	999.2	null	null	null	null	null	null	null	null	null
null	null	null	null	null	null	null	null	0.122314453125	-0.1552734375	-1.02880859375
null	null	null	null	null	null	null	null	null	null	null
null	null	null	null	null	-1.953125	-9.86480712890625	-0.2288818359375	null	null	null
null	null	null	null	1.12	null	null	null	null	null	null
null	null	22.4375	18.59375	null	null	null	null	null	null	null
22.5	999.27	null	null	null	null	null	null	null	null	null
null	null	null	null	null	null	null	null	0.147216796875	-0.0517578125	-0.98828125
null	null	null	null	null	null	null	null	null	null	null
null	null	null	null	null	0.8697509765625	-3.88336181640625	-3.77655029296875	null	null	null
null	null	null	null	0.72	null	null	null	null	null	null
null	null	22.4375	18.9375	null	null	null	null	null	null	null
22.5	999.19	null	null	null	null	null	null	null	null	null
null	null	null	null	null	null	null	null	0.153564453125	0.0966796875	-0.994140625
null	null	null	null	null	null	null	null	null	null	null
null	null	null	null	null	4.46319580078125	-0.02288818359375	-12.664794921875	null	null	null
null	null	null	null	0.97	null	null	null	null	null	null
null	null	22.4375	18.6875	null	null	null	null	null	null	null
22.5	999.25	null	null	null	null	null	null	null	null	null
null	null	null	null	null	null	null	null	0.15673828125	0.203857421875	-0.9658203125
null	null	null	null	null	null	null	null	null	null	null
null	null	null	null	null	-1.18255615234375	-17.0440673828125	3.23486328125	null	null	null
null	null	null	null	1.44	null	null	null	null	null	null
null	null	22.4375	18.84375	null	null	null	null	null	null	null
22.51	999.22	null	null	null	null	null	null	null	null	null
null	null	null	null	null	null	null	null	0.173583984375	-0.05419921875	-1.029296875
null	null	null	null	null	null	null	null	null	null	null
null	null	null	null	null	2.02178955078125	-2.044677734375	-10.8642578125	null	null	null
null	null	null	null	1.05	null	null	null	null	null	null
null	null	22.4375	18.71875	null	null	null	null	null	null	null
22.5	999.17	null	null	null	null	null	null	null	null	null
null	null	null	null	null	null	null	null	0.058837890625	-0.01123046875	-0.81396484375
null	null	null	null	null	null	null	null	null	null	null
null	null	null	null	null	5.6610107421875	-19.85931396484375	-6.378173828125	null	null	null
null	null	null	null	1.21	null	null	null	null	null	null
null	null	22.4375	18.6875	null	null	null	null	null	null	null
22.5	999.25	null	null	null	null	null	null	null	null	null
null	null	null	null	null	null	null	null	0.119384765625	-0.01708984375	-0.90576171875
null	null	null	null	null	null	null	null	null	null	null
null	null	null	null	null	5.33294677734375	-14.33563232421875	-5.2032470703125	null	null	null
null	null	null	null	1.37	null	null	null	null	null	null
null	null	22.4375	18.25	null	null	null	null	null	null	null
22.5	999.24	null	null	null	null	null	null	null	null	null
null	null	null	null	null	null	null	null	0.000244140625	-0.027587890625	-0.8896484375
null	null	null	null	null	null	null	null	null	null	null
null	null	null	null	null	16.59393310546875	-10.74981689453125	3.3416748046875	null	null	null
null	null	null	null	1.29	null	null	null	null	null	null
null	null	22.4375	18.4375	null	null	null	null	null	null	null
22.49	999.26	null	null	null	null	null	null	null	null	null
null	null	null	null	null	null	null	null	0.126953125	-0.069580078125	-1.125244140625
null	null	null	null	null	null	null	null	null	null	null
null	null	null	null	null	2.8839111328125	1.46484375	-6.06536865234375	null	null	null
null	null	null	null	1.05	null	null	null	null	null	null
null	null	22.4375	18.21875	null	null	null	null	null	null	null
22.5	999.22	null	null	null	null	null	null	null	null	null
null	null	null	null	null	null	null	null	0.048828125	-0.09130859375	-1.00390625
null	null	null	null	null	null	null	null	null	null	null
null	null	null	null	null	-4.24957275390625	8.36944580078125	-9.4146728515625	null	null	null
null	null	null	null	1.37	null	null	null	null	null	null
null	null	22.4375	18.3125	null	null	null	null	null	null	null
22.5	999.28	null	null	null	null	null	null	null	null	null
null	null	null	null	null	null	null	null	0.075439453125	-0.0078125	-1.0009765625
null	null	null	null	null	null	null	null	null	null	null
null	null	null	null	null	7.0037841796875	-10.78033447265625	-7.49969482421875	null	null	null
null	null	null	null	0.89	null	null	null	null	null	null
null	null	22.4375	18.40625	null	null	null	null	null	null	null
22.49	999.17	null	null	null	null	null	null	null	null	null
null	null	null	null	null	null	null	null	0.14892578125	0.11181640625	-0.734619140625
null	null	null	null	null	null	null	null	null	null	null
null	null	null	null	null	11.77978515625	-12.8021240234375	1.65557861328125	null	null	null
null	null	null	null	1.12	null	null	null	null	null	null
null	null	22.4375	18.6875	null	null	null	null	null	null	null
22.48	999.18	null	null	null	null	null	null	null	null	null
null	null	null	null	null	null	null	null	0.117431640625	-0.151611328125	-1.115966796875
null	null	null	null	null	null	null	null	null	null	null
null	null	null	null	null	4.50897216796875	4.3792724609375	-4.06646728515625	null	null	null
null	null	null	null	0.89	null	null	null	null	null	null
null	null	22.4375	18.6875	null	null	null	null	null	null	null
22.48	999.18	null	null	null	null	null	null	null	null	null
null	null	null	null	null	null	null	null	0.126708984375	0.17138671875	-0.952880859375
null	null	null	null	null	null	null	null	null	null	null
null	null	null	null	null	1.1138916015625	-4.5166015625	-11.16180419921875	null	null	null
null	null	null	null	1.29	null	null	null	null	null	null
null	null	22.4375	18.6875	null	null	null	null	null	null	null
22.48	999.2	null	null	null	null	null	null	null	null	null
null	null	null	null	null	null	null	null	0.09521484375	0.03857421875	-0.845458984375
null	null	null	null	null	null	null	null	null	null	null
null	null	null	null	null	8.17108154296875	-21.96502685546875	-14.007568359375	null	null	null
null	null	null	null	1.1300000000000001	null	null	null	null	null	null
null	null	22.4375	18.78125	null	null	null	null	null	null	null
22.47	999.2	null	null	null	null	null	null	null	null	null
null	null	null	null	null	null	null	null	0.06787109375	0.0712890625	-0.830322265625
null	null	null	null	null	null	null	null	null	null	null
null	null	null	null	null	-2.26593017578125	-8.79669189453125	-12.53509521484375	null	null	null
null	null	null	null	1.05	null	null	null	null	null	null
null	null	22.4375	18.90625	null	null	null	null	null	null	null
22.48	999.22	null	null	null	null	null	null	null	null	null
null	null	null	null	null	null	null	null	0.20654296875	0.012939453125	-1.003662109375
null	null	null	null	null	null	null	null	null	null	null
null	null	null	null	null	20.538330078125	-15.3961181640625	-33.04290771484375	null	null	null
null	null	null	null	0.97	null	null	null	null	null	null
null	null	22.4375	18.96875	null	null	null	null	null	null	null
22.48	999.2	null	null	null	null	null	null	null	null	null
null	null	null	null	null	null	null	null	0.214599609375	-0.097900390625	-0.9990234375
null	null	null	null	null	null	null	null	null	null	null
null	null	null	null	null	8.76617431640625	-6.46209716796875	-28.16009521484375	null	null	null
null	null	null	null	1.2	null	null	null	null	null	null
null	null	22.4375	18.9375	null	null	null	null	null	null	null
22.48	999.17	null	null	null	null	null	null	null	null	null
null	null	null	null	null	null	null	null	0.088134765625	0.003662109375	-0.868896484375
null	null	null	null	null	null	null	null	null	null	null
null	null	null	null	null	18.280029296875	-16.387939453125	-17.38739013671875	null	null	null
null	null	null	null	1.29	null	null	null	null	null	null
null	null	22.4375	18.875	null	null	null	null	null	null	null
22.49	999.22	null	null	null	null	null	null	null	null	null
null	null	null	null	null	null	null	null	0.21142578125	0.05859375	-1.017822265625
null	null	null	null	null	null	null	null	null	null	null
null	null	null	null	null	0.83160400390625	-0.1678466796875	-10.3302001953125	null	null	null
null	null	null	null	1.1300000000000001	null	null	null	null	null	null
null	null	22.4375	18.71875	null	null	null	null	null	null	null
22.47	999.17	null	null	null	null	null	null	null	null	null
null	null	null	null	null	null	null	null	0.1591796875	-0.02197265625	-0.997802734375
null	null	null	null	null	null	null	null	null	null	null
null	null	null	null	null	6.1492919921875	1.42669677734375	0.41961669921875	null	null	null
null	null	null	null	1.29	null	null	null	null	null	null
null	null	22.4375	18.84375	null	null	null	null	null	null	null
22.48	999.22	null	null	null	null	null	null	null	null	null
null	null	null	null	null	null	null	null	0.0732421875	-0.043701171875	-1.011474609375
null	null	null	null	null	null	null	null	null	null	null
null	null	null	null	null	5.89752197265625	-9.51385498046875	-10.42938232421875	null	null	null
null	null	null	null	0.8	null	null	null	null	null	null